0,0x0030
1,0x0031
2,0x0032
3,0x0033
4,0x0034
5,0x0035
6,0x0036
7,0x0037
8,0x0038
9,0x0039
10,0x0061
11,0x0062
12,0x0063
13,0x0064
14,0x0065
15,0x0066
16,0x0067
17,0x0068
18,0x0069
19,0x006A
20,0x006B
21,0x006C
22,0x006D
23,0x006E
24,0x006F
25,0x0070
26,0x0071
27,0x0072
28,0x0073
29,0x0074
30,0x0075
31,0x0076
32,0x0077
33,0x0078
34,0x0079
35,0x007A
36,0x0430
37,0x0431
38,0x0432
39,0x0433
40,0x0434
41,0x0435
42,0x0451
43,0x0436
44,0x0437
45,0x0438
46,0x0439
47,0x043A
48,0x043B
49,0x043C
50,0x043D
51,0x043E
52,0x043F
53,0x0440
54,0x0441
55,0x0442
56,0x0443
57,0x0444
58,0x0445
59,0x0446
60,0x0447
61,0x0448
62,0x0449
63,0x044A
64,0x044B
65,0x044C
66,0x044D
67,0x044E
68,0x044F
69,0x0456
70,0x0454
71,0x0491
72,0x0452
73,0x0458
74,0x0459
75,0x045A
76,0x045B
77,0x045F
78,0x0455
79,0x0493
80,0x049B
81,0x04A3
82,0x04AF
83,0x04B1
84,0x04B3
85,0x04B7
86,0x04BB
87,0x04D9
88,0x04E3
89,0x04E9
90,0x04EF
91,0x00DF
92,0x0153
93,0x00E6
94,0x00FE
95,0x00F0
96,0x0131
97,0x0060
98,0x007E
99,0x0021
100,0x0040
101,0x0023
102,0x0024
103,0x0025
104,0x005E
105,0x0026
106,0x002A
107,0x0028
108,0x0029
109,0x002D
110,0x005F
111,0x003D
112,0x002B
113,0x007B
114,0x007D
115,0x005C
116,0x007C
117,0x003B
118,0x003A
119,0x0027
120,0x0022
121,0x002C
122,0x002E
123,0x003C
124,0x003E
125,0x002F
126,0x003F
127,0x005B
128,0x005D
129,0x201D
130,0x2018
131,0x2019
132,0x2116
133,0x20AC
134,0x00A3
135,0x20BD
136,0x00A5
137,0x00B0
138,0x2014
139,0x2013
140,0x00AB
141,0x00BB
142,0x201C
143,0x00BF
144,0x00A1
145,0x00A9
146,0x00AE
147,0x2122
148,0x00A7
149,0x2022
150,0x00B1
151,0x2713
152,0x2717
153,0x221E
154,0x2244
155,0x2260
156,0x2192
157,0x2190
158,0x2191
159,0x2193
160,0x2026
161,0x0041
162,0x0042
163,0x0043
164,0x0044
165,0x0045
166,0x0046
167,0x0047
168,0x0048
169,0x0049
170,0x004A
171,0x004B
172,0x004C
173,0x004D
174,0x004E
175,0x004F
176,0x0050
177,0x0051
178,0x0052
179,0x0053
180,0x0054
181,0x0055
182,0x0056
183,0x0057
184,0x0058
185,0x0059
186,0x005A
187,0x0410
188,0x0411
189,0x0412
190,0x0413
191,0x0414
192,0x0415
193,0x0401
194,0x0416
195,0x0417
196,0x0418
197,0x0419
198,0x041A
199,0x041B
200,0x041C
201,0x041D
202,0x041E
203,0x041F
204,0x0420
205,0x0421
206,0x0422
207,0x0423
208,0x0424
209,0x0425
210,0x0426
211,0x0427
212,0x0428
213,0x0429
214,0x042A
215,0x042B
216,0x042C
217,0x042D
218,0x042E
219,0x042F
220,0x000D
221,0x00A0
222,0x202F
223,0x00AD
224,0x00D7
225,0x2212