10,238,0x00E1
14,238,0x00E9
18,238,0x00ED
24,238,0x00F3
30,238,0x00FA
34,238,0x00FD
12,238,0x0107
23,238,0x0144
28,238,0x015B
35,238,0x017A
21,238,0x013A
27,238,0x0155
39,238,0x0453
47,238,0x045C
10,239,0x00E0
14,239,0x00E8
18,239,0x00EC
24,239,0x00F2
30,239,0x00F9
10,240,0x00E2
14,240,0x00EA
18,240,0x00EE
24,240,0x00F4
30,240,0x00FB
10,241,0x00E4
24,241,0x00F6
30,241,0x00FC
14,241,0x00EB
18,241,0x00EF
34,241,0x00FF
69,241,0x0457
10,242,0x00E3
24,242,0x00F5
23,242,0x00F1
12,243,0x010D
13,243,0x010F
14,243,0x011B
21,243,0x013E
23,243,0x0148
27,243,0x0159
28,243,0x0161
29,243,0x0165
35,243,0x017E
10,244,0x0105
14,244,0x0119
21,245,0x0142
13,245,0x0111
24,245,0x00F8
12,246,0x00E7
28,246,0x015F
28,247,0x0219
29,247,0x021B
10,248,0x0103
16,248,0x011F
56,248,0x045E
24,249,0x0151
30,249,0x0171
10,250,0x00E5
30,250,0x016F
35,251,0x017C